review_fraction,reviewed_samples,accuracy,macro_f1
0.0,0,0.8024188582615306,0.7766973773862175
0.05,11774,0.8300556728086529,0.8094350275953363
0.1,23548,0.8539045281400356,0.8363598872718757
0.15,35322,0.8756980334036852,0.8608097056023919
0.2,47096,0.8954234488264545,0.8827952228506263
