{
  "logistic_regression": {
    "accuracy": 0.8024188582615306,
    "macro_f1": 0.7766973773862175,
    "classification_report": {
      "Negative": {
        "precision": 0.8377573972115144,
        "recall": 0.8819402366297796,
        "f1-score": 0.8592812394405583,
        "support": 125428.0
      },
      "Neutral": {
        "precision": 0.7258213377807283,
        "recall": 0.7251755265797393,
        "f1-score": 0.7254982884610716,
        "support": 61814.0
      },
      "Positive": {
        "precision": 0.8039634365778172,
        "recall": 0.6946373416803134,
        "f1-score": 0.7453126042570227,
        "support": 48241.0
      },
      "accuracy": 0.8024188582615306,
      "macro avg": {
        "precision": 0.7891807238566866,
        "recall": 0.7672510349632775,
        "f1-score": 0.7766973773862175,
        "support": 235483.0
      },
      "weighted avg": {
        "precision": 0.8014512942971436,
        "recall": 0.8024188582615306,
        "f1-score": 0.8008157864705564,
        "support": 235483.0
      }
    },
    "confusion_matrix": [
      [
        110620,
        10522,
        4286
      ],
      [
        13103,
        44826,
        3885
      ],
      [
        8320,
        6411,
        33510
      ]
    ]
  },
  "linear_svm": {
    "accuracy": 0.8010387161705941,
    "macro_f1": 0.7751224586486759,
    "classification_report": {
      "Negative": {
        "precision": 0.8387364036454572,
        "recall": 0.8797477437254839,
        "f1-score": 0.8587527092599294,
        "support": 125428.0
      },
      "Neutral": {
        "precision": 0.719793768213405,
        "recall": 0.7272462548937134,
        "f1-score": 0.7235008208066437,
        "support": 61814.0
      },
      "Positive": {
        "precision": 0.8038005208835729,
        "recall": 0.6909475342550943,
        "f1-score": 0.7431138458794547,
        "support": 48241.0
      },
      "accuracy": 0.8010387161705941,
      "macro avg": {
        "precision": 0.7874435642474783,
        "recall": 0.7659805109580972,
        "f1-score": 0.7751224586486759,
        "support": 235483.0
      },
      "weighted avg": {
        "precision": 0.8003571491476253,
        "recall": 0.8010387161705941,
        "f1-score": 0.7995594993841045,
        "support": 235483.0
      }
    },
    "confusion_matrix": [
      [
        110345,
        10881,
        4202
      ],
      [
        12926,
        44954,
        3934
      ],
      [
        8290,
        6619,
        33332
      ]
    ]
  }
}